event_id,iris_ground_truth
fe2a6b2b-bfee-49b8-8cb3-5431f3b97a89,virginica
cf4424a9-3044-440b-8e44-a6a068d102cc,versicolor
742b8f8c-9efd-4bd3-bff8-50a0569d3a25,setosa
2f07ee9b-501a-4f49-9726-012842f0ff55,setosa
c721ed07-95ec-48f1-b644-8ac07bd05a36,setosa
c2527c16-7bee-44af-acff-6028a3da3eba,setosa
f6f4cc81-467e-4c21-af72-d8472f0f8bfe,setosa
360e4f5b-80aa-4664-beb8-d2e6f8d0976a,setosa
f234232f-da62-4aab-9ab4-274e9317a00c,setosa
92cf9614-6db2-4be9-ac0b-87bf0c0a5b50,setosa
554f1780-ea56-4259-982f-6175489d4e03,setosa
f23ceb2c-5b9e-4bb3-a201-eff8b764498d,setosa
16fff91c-cd4a-420d-ad3a-57f4c4891dee,setosa
167950cb-bc77-4204-a8a2-94dce0a22d59,setosa
59083a76-2c7e-4d73-adba-ac1019ca0216,setosa
09941f7b-6ff5-4666-a8dc-32b5618ba985,setosa
72b3c6e7-5ebb-4c01-a917-b5319df61194,setosa
05f74bb1-2afa-47b5-8fbf-18a5758531dc,setosa
ec62dbf8-6ac1-40a0-96a7-7e88a48d6bab,setosa
5537bf60-a038-48a1-a969-41bda4a3b317,setosa
f100bf0f-5804-411a-b2fa-dc888a954bc4,setosa
c86b7d5b-c13a-4e9f-96a4-bc4acaaf68d7,setosa
e1908ad8-cc9b-4280-a0f7-fd8f4f9a2be5,setosa
b0a6a6aa-3fed-435d-b5bf-d20e7a7bc736,setosa
e1202bf6-2564-4d36-9b30-3c83eb394cb0,setosa
9664d751-e35f-47d2-9247-d1ca5cf4a80b,setosa
82af10aa-be16-4d95-8a44-a863a40e37d0,setosa
2589d0eb-533e-4884-82c8-1006c98673e6,setosa
37d2a3a0-894a-43af-97e3-d22adada76e1,setosa
230065c9-7f64-44e0-8cac-a7840e6ca0b7,setosa
4cd14d7d-e13d-45e5-8606-178b91b69044,setosa
11223f7b-1034-4a44-811b-e41ac2ced275,setosa
29a307e0-6c18-496a-acfa-14f305e35cf8,setosa
d8bcc555-ee21-4ea3-8a38-f2485a0782fc,setosa
e20b0c52-e32b-4fd7-b74d-7dba5f518f80,setosa
993b944c-4d60-4590-afe5-18e69f2169c5,setosa
8a332945-28f2-4fc1-b218-f1d919c10550,setosa
ed47f183-8da3-49f9-b7e5-53bac22c9c01,setosa
3b3a5295-9236-416d-908c-85f696f7fdc8,setosa
ac0fa790-3da3-4edc-9856-e82dec7dd3d8,setosa
8c9d51e8-b65c-41a7-8716-7ffbd7a835c4,setosa
1d3f6292-3548-4155-a873-55cbfa233c31,setosa
0535a9d7-25c2-4c09-b0fe-1a92599cdadd,setosa
cc6295dd-570c-4ec7-b6e5-eee0c5c632ab,setosa
c062062d-0bf7-4d4f-af8e-74c2fb54cb21,setosa
f7668529-fee4-4e70-913f-87f9c67bb4ee,setosa
41a4c09e-8984-4221-9c09-e3b10e19e2f0,setosa
23ddfcb7-279b-483a-ba4b-af01792f5535,setosa
9029c906-197d-4170-ac5c-e4712f2f5286,setosa
fb827276-f4e3-4a11-8358-57ede56af578,setosa
f531beb8-cc20-4de2-86f5-0685fdaa6ba3,virginica
ddad9746-a4d5-4f81-bd89-51f43e0d1f3a,virginica
b5319c51-6e3d-46c6-afc0-e354662b3714,virginica
cc7767e4-6693-46af-b021-f15cd1a58af9,versicolor
c5bf7671-0532-4264-9581-c9175ea80cba,virginica
e450ba07-e875-4e3c-bd62-4ac3468b7d29,versicolor
b09886a3-4971-470e-b9cb-0a801786f480,virginica
e0acbf40-79bd-43fa-b869-3dc0eb52c599,versicolor
2ef19bcc-86f3-44b9-8897-c35f6193b20b,versicolor
69071468-2f0e-47cd-bab1-dbc1bee702fc,versicolor
d0e34936-50b2-48fb-90f4-fd975ed8830a,versicolor
bcb2e06a-05dd-4bf1-8bab-d0135eff9d4d,virginica
9cb6c1be-3882-46e1-9ae5-b46d422597de,versicolor
76402a2a-452c-43c9-8aa8-d7dc891fd927,virginica
e1a83523-2c2b-40d1-8960-ec6f95482932,versicolor
1d7e33ef-abae-4029-b830-ca67691cfd15,virginica
17f12c12-a72e-4c06-82af-a9bf7695562c,virginica
15229365-0caa-403f-8948-bf333cdadc90,versicolor
b160c80d-bfa4-4ef6-b5f6-bd8f4a1a8b1a,virginica
f75c636f-f1ba-44f2-847e-a340b1f0a2ef,versicolor
6700eee8-fe66-4e82-a7a2-da6ff70fb233,virginica
93ecc722-7a88-49b2-9723-b46307bee420,versicolor
db486040-f7bb-45ef-b930-442d12ec4f03,virginica
fe3acd33-12d5-47f2-838e-154da92089cf,versicolor
764ede0a-9e48-4db3-b045-72b06f57d1c9,versicolor
09b92ea1-03bf-4cd6-aaa4-d93884f0416d,virginica
71f5c0df-56fb-4ddf-a3fb-eb5ecdf642d0,virginica
5b63aa53-10b8-4cdc-8e61-d636cb7afe29,virginica
959155b3-ddb1-4e23-bc05-e3336c9e56f1,virginica
ef1cb22d-4093-44bb-8478-26e1389b7d68,versicolor
83b99f03-7916-4388-b147-b5d7bee538d9,versicolor
eee589e8-5ee2-4428-b46e-35f85bc055f7,versicolor
6c1fbca6-a1c9-42f7-8ddf-c2821e8061d4,versicolor
ac31115e-9b13-4d72-9d91-de9042b61b68,virginica
b34884d2-18e7-456e-a741-4dae39744898,versicolor
96272ac5-3c79-494e-893a-3745e3d84079,virginica
44ce62c0-37ec-4d8b-bdd9-6d9ef083fef6,virginica
2c6b4c0e-bc98-4fd1-a341-04c12523984a,versicolor
612a7e9a-c3cb-4231-b858-0a767f86d523,versicolor
850fc0d4-37ed-4018-b62d-1f4641f20965,versicolor
2cfe24c9-38d4-4776-a4c8-161372384e33,versicolor
cd68b778-bba2-481d-b064-a7ccaf1a1a9c,virginica
a2278d93-928f-45a3-957d-c349283a52a0,versicolor
bd94e81b-ed81-4acc-8df5-9bb3ed7738f2,versicolor
6980c98d-5df9-4218-91d2-52b75fbfe8e1,versicolor
384662c7-601c-4e39-b948-bfdb79e6ce0f,versicolor
1052f50f-d1bf-4d1d-ba12-4351df1d19a9,versicolor
70bb6d5e-2e0e-471c-8680-1982cbb88ecb,versicolor
3fa40ff4-0517-4e67-b6de-f8ae1d13be89,versicolor
464abb85-e6f3-4a7b-801f-3c86c360c36c,versicolor
dd2cd1a6-ef6f-4700-aa8b-59a0be58de70,virginica
01523ceb-44b1-498b-97a8-47e4e1a11de8,virginica
0a031056-01ae-49ee-b3bd-a70c8c6c2493,virginica
02d77408-dfad-4942-ab3b-97f85602a8da,virginica
ae183479-eced-4a6f-a0b9-bf9036824ae1,virginica
0e6b0837-1a82-438f-9ebc-9e02eb091b6b,virginica
a9e98ef8-844a-44c0-9617-69d9fd047996,versicolor
8f388cdc-c764-4b8e-a485-df412aeed414,virginica
760896d7-ffd5-44f1-b6d7-4079be4abcba,virginica
658812ff-2a07-45b3-a327-5b648e145ae3,virginica
08aa0332-267a-4a59-a655-ada8b4e61b43,virginica
c74166db-b153-42e2-a757-3f349533160a,virginica
1c5b7a2e-f9f5-4797-8c47-771cbc231e17,virginica
86ba6444-05a1-42dc-8b5c-0ffb6eed23b2,virginica
f28fd2b6-7c92-42cb-9056-cdab91e4efd2,virginica
ca469303-c2ed-40b9-8e9e-bf96d7f9d555,virginica
af79fdd0-0089-4b68-aba9-3ac059396f6b,virginica
a184b5a3-6f80-40ae-a474-3cdd42e8771b,virginica
ec8eb600-8862-470b-ac41-60063677a0da,virginica
6c4cd2e7-73b4-437b-bb74-68053388e3d3,virginica
6b45bfed-44c3-4323-9dff-b681461a9808,virginica
e3f46d68-6512-456a-9987-1fbad8a37f49,virginica
aa9fd9b1-725c-4947-a89b-2db5f35a4720,virginica
4fcf14ae-8fd3-4b4f-b503-32dfd08c860c,virginica
c87a7fc8-2e1f-4974-9dbb-bea7cc159eb9,virginica
60d168a4-ccdb-4f75-ba34-8b7cda209087,virginica
a205e72a-25a2-47a7-8faa-282aff62f0cd,virginica
fadf23fa-cb4b-4f53-b83d-1fd2f37ff897,virginica
97933e9d-01bf-4404-8f2f-b4cbd83e3234,virginica
fb8f2542-eb8a-4676-8209-a703a662b285,virginica
9238dd92-8146-4693-b99c-28c2ea352a8e,virginica
f8901f5d-b6d1-4b8e-84aa-047aa4472c97,virginica
0e7a7bf8-a45d-4d8f-9b3f-cb921b7277c2,virginica
21a2b8f5-ec94-49e7-b92e-0a498818109f,virginica
5be01b75-9b6c-4d56-b476-372d2fb735ac,virginica
6338ff2d-c85f-4382-b943-44a75e41ce6c,virginica
5ef1aa58-297b-41d0-a5a4-1e01a6d1d36e,virginica
f68d9b8c-32ec-4418-92bf-0b2daa9adfa2,virginica
e8fc47d1-5ff5-4b07-a40f-6a4e1c950d0a,virginica
3bd7e25f-9591-4dfb-8c02-516f08094745,virginica
8a8f1eb3-1458-4755-b8fe-cb40d6dfe0b0,virginica
e42ec11b-8b81-43c1-a7ba-b48808dfaf01,virginica
fe981b49-e2bb-4bc6-a736-4b683ad9c670,virginica
c9bf76ec-9c63-4ade-b355-ea2aa6ffda7f,virginica
e7a9f8ae-4bd9-4eea-81cc-d5c64e2ea5dd,virginica
282ab6d4-d5f0-41fc-90a3-5de7a0396e27,virginica
bfabe721-2212-43b6-abfe-ed2c14c0003e,virginica
c8f30362-7081-40e3-8943-d6a5de6d0bf8,virginica
bec373be-edbc-4c60-af10-b429d2d77891,setosa
bfb794e0-e2e0-44db-8042-15c373e36a6b,setosa
